{
    "__comment": "JimStoneCraft - 2016",
    "parent": "block/block",
    "ambientocclusion": false,
    "display": {
        "gui": {
            "rotation": [ 30, 225, 0 ],
            "translation": [ 4.5, -2, 0 ],
            "scale":[ 0.8, 0.8, 0.8 ]
        },
        "head": {
            "rotation": [ 0, 0, 0 ],
            "translation": [ 0, 14, -2 ],
            "scale":[ 1, 1, 1 ]
        },
        "ground": {
            "rotation": [ 0, 0, 0 ],
            "translation": [ 0, 2, -2 ],
            "scale":[ 0.3, 0.3, 0.3 ]
        },
        "fixed": {
            "rotation": [ 0, 0, 0 ],
            "translation": [ 0, 0, -6.5 ],
            "scale":[ 1, 1, 1 ]
        },
        "thirdperson_righthand": {
            "rotation": [ 65, 140, 0 ],
            "translation": [ -2, -1, 0 ],
            "scale": [ 0.425, 0.425, 0.425 ]
        },
        "thirdperson_lefthand": {
            "rotation": [ 65, 140, 0 ],
            "translation": [ -2, -1, 0 ],
            "scale": [ 0.425, 0.425, 0.425 ]
        },
        "firstperson_righthand": {
            "rotation": [ 15, 155, 0 ],
            "translation": [ 3, -3, -1 ],
            "scale": [ 0.5, 0.5, 0.5 ]
        },
        "firstperson_lefthand": {
            "rotation": [ 15, 155, 0 ],
            "translation": [ 3, -3, -1 ],
            "scale": [ 0.5, 0.5, 0.5 ]
        }
    },
    "textures": {
        "particle": "blocks/ladder",
        "post": "blocks/ladder_post",
        "texture": "blocks/ladder_slat"
    },
    "elements": [
        {   "from": [ 12, 0, 15 ],
            "to": [ 14, 16, 16 ],
            "shade": false,
            "faces": {
                "down":  { "uv": [ 0, 1, 2,  2 ], "texture": "#post", "cullface": "down" },
                "up":    { "uv": [ 0, 0, 2,  1 ], "texture": "#post", "cullface": "up" },
                "north": { "uv": [ 2, 0, 4, 16 ], "texture": "#post" },
                "south": { "uv": [ 5, 0, 7, 16 ], "texture": "#post", "cullface": "south" },
                "west":  { "uv": [ 6, 0, 7, 16 ], "texture": "#post" },
                "east":  { "uv": [ 5, 0, 6, 16 ], "texture": "#post" }
            },
            "__comment": "Left post"
        },
        {   "from": [ 2, 0, 15 ],
            "to": [ 4, 16, 16 ],
            "shade": false,
            "faces": {
                "down":  { "uv": [ 14, 1, 16,  2 ], "texture": "#post", "cullface": "down" },
                "up":    { "uv": [ 14, 0, 16,  1 ], "texture": "#post", "cullface": "up" },
                "north": { "uv": [ 12, 0, 14, 16 ], "texture": "#post" },
                "south": { "uv": [  9, 0, 11, 16 ], "texture": "#post", "cullface": "south" },
                "west":  { "uv": [ 10, 0, 11, 16 ], "texture": "#post" },
                "east":  { "uv": [  9, 0, 10, 16 ], "texture": "#post" }

            },
            "__comment": "Right post"
        },
        {   "from": [ 1.5, 13, 14.5 ],
            "to":   [ 14.5, 15, 15 ],
            "shade": false,
            "faces": {
                "down":  { "uv": [  1.5, 2.5, 14.5, 3 ], "texture": "#texture" },
                "up":    { "uv": [  1.5, 1,   14.5, 1.5 ], "texture": "#texture" },
                "north": { "uv": [  1.5, 1,   14.5, 3 ], "texture": "#texture" },
                "south": { "uv": [  1.5, 1,   14.5, 3 ], "texture": "#texture" },
                "west":  { "uv": [ 13.5, 1,   14,   3 ], "texture": "#texture" },
                "east":  { "uv": [  2,   1,    2.5, 3 ], "texture": "#texture" }
            },
            "__comment": "Top bar"
        },
        {   "from": [ 1.5, 8, 14.5 ],
            "to": [ 14.5, 10, 15 ],
            "shade": false,
            "faces": {
                "down":  { "uv": [  1.5, 7.5, 14.5, 8 ], "texture": "#texture" },
                "up":    { "uv": [  1.5, 6,   14.5, 6.5 ], "texture": "#texture" },
                "north": { "uv": [  1.5, 6,   14.5, 8 ], "texture": "#texture" },
                "south": { "uv": [  1.5, 6,   14.5, 8 ], "texture": "#texture" },
                "west":  { "uv": [ 13.5, 6,   14,   8 ], "texture": "#texture" },
                "east":  { "uv": [  2,   6,    2.5, 8 ], "texture": "#texture" }
            },
            "__comment": "Middle bar"
        },
        {   "from": [ 1.5, 2.5, 14.5 ],
            "to": [ 14.5, 4.5, 15 ],
            "shade": false,
            "faces": {
                "down":  { "uv": [  1.5,  13,   14.5, 13.5 ], "texture": "#texture" },
                "up":    { "uv": [  1.5,  11.5, 14.5, 12 ], "texture": "#texture" },
                "north": { "uv": [  1.5,  11.5, 14.5, 13.5 ], "texture": "#texture" },
                "south": { "uv": [  1.5,  11.5, 14.5, 13.5 ], "texture": "#texture" },
                "west":  { "uv": [ 13.5,  11.5, 14,   13.5 ], "texture": "#texture" },
                "east":  { "uv": [  2,    11.5,  2.5, 13.5 ], "texture": "#texture" }
            },
            "__comment": "Bottom bar"
        }
    ]
}
