{
    "__comment": "JimStoneCraft - 2016",
    "ambientocclusion": false,
    "display": {
        "gui": {
            "rotation": [ 120, 0, -45 ],
            "translation": [ 4, -3, 0 ],
            "scale": [ 1, 1, 1 ]
        },
        "ground": {
            "rotation": [ 0, 0, 0 ],
            "translation": [ 0, 3, 0 ],
            "scale":[ 0.5, 0.5, 0.5 ]
        },
        "head": {
            "rotation": [ 0, 0, 0 ],
            "translation": [ 0, 14, 0 ],
            "scale":[ 1, 1, 1]
        },
        "fixed": {
            "rotation": [ 270, 0, 0 ],
            "translation": [ 0, -2.5, -4 ],
            "scale":[ 0.85, 0.85, 0.85 ]
        },
        "thirdperson_righthand": {
            "rotation": [ 135, 0, -35 ],
            "translation": [ 1, 0, 2 ],
            "scale": [ 0.375, 0.375, 0.375 ]
        },
        "thirdperson_lefthand": {
            "rotation": [ 135, 0, -35 ],
            "translation": [ 1, 0, 2 ],
            "scale": [ 0.375, 0.375, 0.375 ]
        },
        "firstperson_righthand": {
            "rotation": [ 90, 0, -15 ],
            "translation": [ 1, 2, 3 ],
            "scale": [ 0.40, 0.40, 0.40 ]
        },
        "firstperson_lefthand": {
            "rotation": [ 90, 0, -15 ],
            "translation": [ 1, 2, 3 ],
            "scale": [ 0.40, 0.40, 0.40 ]
        }
    },
    "textures": {
        "particle": "blocks/lever_base",
        "base": "blocks/lever_base",
        "lever": "blocks/lever"
    },
    "elements": [
        {   "from": [ 5, 0, 4 ],
            "to": [ 11, 3, 12 ],
            "faces": {
                "down":  { "uv": [  0,  8,  6, 16 ], "texture": "#base", "cullface": "down" },
                "up":    { "uv": [  0,  0,  6,  8 ], "texture": "#base" },
                "north": { "uv": [  8, 13, 14, 16 ], "texture": "#base" },
                "south": { "uv": [ 14, 13,  8, 16 ], "texture": "#base" },
                "west":  { "uv": [  7, 10, 15, 13 ], "texture": "#base" },
                "east":  { "uv": [ 15, 10,  7, 13 ], "texture": "#base" }
            },
            "__comment": "Base"
        },
        {   "from": [ 7, 1, 7 ],
            "to": [ 9, 11, 9 ],
            "rotation": { "origin": [ 8, 1, 8 ], "axis": "x", "angle": -45 },
            "faces": {
                "down":  { "uv": [  9, 3,  7,  5 ], "texture": "#lever" },
                "up":    { "uv": [  7, 3,  9,  5 ], "texture": "#lever" },
                "north": { "uv": [  9, 6,  7, 16 ], "texture": "#lever" },
                "south": { "uv": [  7, 6,  9, 16 ], "texture": "#lever" },
                "west":  { "uv": [  4, 6,  6, 16 ], "texture": "#lever" },
                "east":  { "uv": [ 10, 6, 12, 16 ], "texture": "#lever" }
            },
            "__comment": "Lever"
        }
    ]
}
