{
	"credit": "Made with Blockbench",
	"parent": "minecraft:item/generated",
	"display": {
		"thirdperson_righthand": {
			"rotation": [0, -90, 55],
			"translation": [0, 6.5, 0],
			"scale": [1.7, 1.7, 0.85]
		},
		"firstperson_righthand": {
			"rotation": [0, -90, 25],
			"translation": [1, 5, 1],
			"scale": [1.36, 1.36, 0.68]
		},
		"ground": {
			"translation": [0, 4, 0],
			"scale": [1, 1, 0.5]
		},
		"gui": {
			"scale": [1.25, 1.25, 1]
		},
		"fixed": {
			"rotation": [0, 180, 0],
			"translation": [0, 0, -0.5],
			"scale": [2, 2, 1]
		}
	}
}