{
	"credit": "Made with Blockbench",
	"textures": {
		"particle": "#texture",
		"layer": "simplyswords:item/greathammer_layer"
	},
	"elements": [
		{
			"from": [1.44816, 15.45076, 4.45],
			"to": [13.54816, 22.55076, 11.55],
			"rotation": {"angle": 45, "axis": "z", "origin": [7.37348, 8.8007, 8]},
			"faces": {
				"north": {"uv": [0, 4, 6.5, 8], "texture": "#layer"},
				"east": {"uv": [6.5, 8, 10.5, 12], "texture": "#layer"},
				"south": {"uv": [0, 8, 6.5, 12], "texture": "#layer"},
				"west": {"uv": [6.5, 4, 10.5, 8], "texture": "#layer"},
				"up": {"uv": [0, 0, 6.5, 4], "texture": "#layer"},
				"down": {"uv": [0, 12, 6.5, 16], "texture": "#layer"}
			}
		},
		{
			"from": [1.49296, 15.4986, 4.5],
			"to": [13.49296, 22.4986, 11.5],
			"rotation": {"angle": 45, "axis": "z", "origin": [7.37348, 8.8007, 8]},
			"faces": {
				"north": {"uv": [0, 4, 6.5, 8], "texture": "#texture"},
				"east": {"uv": [6.5, 8, 10.5, 12], "texture": "#texture"},
				"south": {"uv": [0, 8, 6.5, 12], "texture": "#texture"},
				"west": {"uv": [6.5, 4, 10.5, 8], "texture": "#texture"},
				"up": {"uv": [0, 0, 6.5, 4], "texture": "#texture"},
				"down": {"uv": [0, 12, 6.5, 16], "texture": "#texture"}
			}
		},
		{
			"from": [13, 0, 7.5],
			"to": [16, 3, 8.5],
			"rotation": {"angle": 0, "axis": "y", "origin": [7.37348, 8.8007, 8]},
			"faces": {
				"north": {"uv": [14.5, 14.5, 16, 16], "texture": "#texture"},
				"east": {"uv": [14.5, 14.5, 15, 16], "texture": "#texture"},
				"south": {"uv": [16, 14.5, 14.5, 16], "texture": "#texture"},
				"west": {"uv": [15.5, 14.5, 16, 16], "texture": "#texture"},
				"up": {"uv": [16, 14.5, 14.5, 15], "texture": "#texture"},
				"down": {"uv": [14.5, 15.5, 16, 16], "texture": "#texture"}
			}
		},
		{
			"from": [12, 2, 7.5],
			"to": [14, 4, 8.5],
			"rotation": {"angle": 0, "axis": "y", "origin": [7.37348, 8.8007, 8]},
			"faces": {
				"north": {"uv": [10, 15, 11, 16], "texture": "#texture"},
				"east": {"uv": [10, 15, 10.5, 16], "texture": "#texture"},
				"south": {"uv": [11, 15, 10, 16], "texture": "#texture"},
				"west": {"uv": [10.5, 15, 11, 16], "texture": "#texture"},
				"up": {"uv": [11, 15, 10, 15.5], "texture": "#texture"},
				"down": {"uv": [11, 15.5, 10, 16], "texture": "#texture"}
			}
		},
		{
			"from": [11, 3, 7.5],
			"to": [13, 5, 8.5],
			"rotation": {"angle": 0, "axis": "y", "origin": [7.37348, 8.8007, 8]},
			"faces": {
				"north": {"uv": [10.5, 14.5, 11.5, 15.5], "texture": "#texture"},
				"east": {"uv": [10.5, 14.5, 11, 15.5], "texture": "#texture"},
				"south": {"uv": [11.5, 14.5, 10.5, 15.5], "texture": "#texture"},
				"west": {"uv": [11, 14.5, 11.5, 15.5], "texture": "#texture"},
				"up": {"uv": [11.5, 14.5, 10.5, 15], "texture": "#texture"},
				"down": {"uv": [11.5, 15, 10.5, 15.5], "texture": "#texture"}
			}
		},
		{
			"from": [10, 4, 7.5],
			"to": [12, 6, 8.5],
			"rotation": {"angle": 0, "axis": "y", "origin": [7.37348, 8.8007, 8]},
			"faces": {
				"north": {"uv": [11, 14, 12, 15], "texture": "#texture"},
				"east": {"uv": [11, 14, 11.5, 15], "texture": "#texture"},
				"south": {"uv": [12, 14, 11, 15], "texture": "#texture"},
				"west": {"uv": [11.5, 14, 12, 15], "texture": "#texture"},
				"up": {"uv": [12, 14, 11, 14.5], "texture": "#texture"},
				"down": {"uv": [12, 14.5, 11, 15], "texture": "#texture"}
			}
		},
		{
			"from": [9, 5, 7.5],
			"to": [11, 7, 8.5],
			"rotation": {"angle": 0, "axis": "y", "origin": [7.37348, 8.8007, 8]},
			"faces": {
				"north": {"uv": [11.5, 13.5, 12.5, 14.5], "texture": "#texture"},
				"east": {"uv": [11.5, 13.5, 12, 14.5], "texture": "#texture"},
				"south": {"uv": [12.5, 13.5, 11.5, 14.5], "texture": "#texture"},
				"west": {"uv": [12, 13.5, 12.5, 14.5], "texture": "#texture"},
				"up": {"uv": [12.5, 13.5, 11.5, 14], "texture": "#texture"},
				"down": {"uv": [12.5, 14, 11.5, 14.5], "texture": "#texture"}
			}
		},
		{
			"from": [8, 6, 7.5],
			"to": [10, 8, 8.5],
			"rotation": {"angle": 0, "axis": "y", "origin": [7.37348, 8.8007, 8]},
			"faces": {
				"north": {"uv": [12, 13, 13, 14], "texture": "#texture"},
				"east": {"uv": [12, 13, 12.5, 14], "texture": "#texture"},
				"south": {"uv": [13, 13, 12, 14], "texture": "#texture"},
				"west": {"uv": [12.5, 13, 13, 14], "texture": "#texture"},
				"up": {"uv": [13, 13, 12, 13.5], "texture": "#texture"},
				"down": {"uv": [13, 13.5, 12, 14], "texture": "#texture"}
			}
		},
		{
			"from": [7, 7, 7.5],
			"to": [9, 9, 8.5],
			"rotation": {"angle": 0, "axis": "y", "origin": [7.37348, 8.8007, 8]},
			"faces": {
				"north": {"uv": [12.5, 12.5, 13.5, 13.5], "texture": "#texture"},
				"east": {"uv": [12.5, 12.5, 13, 13.5], "texture": "#texture"},
				"south": {"uv": [13.5, 12.5, 12.5, 13.5], "texture": "#texture"},
				"west": {"uv": [13, 12.5, 13.5, 13.5], "texture": "#texture"},
				"up": {"uv": [13.5, 12.5, 12.5, 13], "texture": "#texture"},
				"down": {"uv": [13.5, 13, 12.5, 13.5], "texture": "#texture"}
			}
		},
		{
			"from": [6, 8, 7.5],
			"to": [8, 10, 8.5],
			"rotation": {"angle": 0, "axis": "y", "origin": [7.37348, 8.8007, 8]},
			"faces": {
				"north": {"uv": [13, 12, 14, 13], "texture": "#texture"},
				"east": {"uv": [13, 12, 13.5, 13], "texture": "#texture"},
				"south": {"uv": [14, 12, 13, 13], "texture": "#texture"},
				"west": {"uv": [13.5, 12, 14, 13], "texture": "#texture"},
				"up": {"uv": [14, 12, 13, 12.5], "texture": "#texture"},
				"down": {"uv": [14, 12.5, 13, 13], "texture": "#texture"}
			}
		},
		{
			"from": [5, 9, 7.5],
			"to": [7, 11, 8.5],
			"rotation": {"angle": 0, "axis": "y", "origin": [7.37348, 8.8007, 8]},
			"faces": {
				"north": {"uv": [13.5, 11.5, 14.5, 12.5], "texture": "#texture"},
				"east": {"uv": [13.5, 11.5, 14, 12.5], "texture": "#texture"},
				"south": {"uv": [14.5, 11.5, 13.5, 12.5], "texture": "#texture"},
				"west": {"uv": [14, 11.5, 14.5, 12.5], "texture": "#texture"},
				"up": {"uv": [14.5, 11.5, 13.5, 12], "texture": "#texture"},
				"down": {"uv": [14.5, 12, 13.5, 12.5], "texture": "#texture"}
			}
		},
		{
			"from": [4, 10, 7.5],
			"to": [6, 12, 8.5],
			"rotation": {"angle": 0, "axis": "y", "origin": [7.37348, 8.8007, 8]},
			"faces": {
				"north": {"uv": [14, 11, 15, 12], "texture": "#texture"},
				"east": {"uv": [14, 11, 14.5, 12], "texture": "#texture"},
				"south": {"uv": [15, 11, 14, 12], "texture": "#texture"},
				"west": {"uv": [14.5, 11, 15, 12], "texture": "#texture"},
				"up": {"uv": [15, 11, 14, 11.5], "texture": "#texture"},
				"down": {"uv": [15, 11.5, 14, 12], "texture": "#texture"}
			}
		},
		{
			"from": [3, 11, 7.5],
			"to": [5, 13, 8.5],
			"rotation": {"angle": 0, "axis": "y", "origin": [7.37348, 8.8007, 8]},
			"faces": {
				"north": {"uv": [14.5, 10.5, 15.5, 11.5], "texture": "#texture"},
				"east": {"uv": [14.5, 10.5, 15, 11.5], "texture": "#texture"},
				"south": {"uv": [15.5, 10.5, 14.5, 11.5], "texture": "#texture"},
				"west": {"uv": [15, 10.5, 15.5, 11.5], "texture": "#texture"},
				"up": {"uv": [15.5, 10.5, 14.5, 11], "texture": "#texture"},
				"down": {"uv": [15.5, 11, 14.5, 11.5], "texture": "#texture"}
			}
		},
		{
			"from": [2, 12, 7.5],
			"to": [4, 14, 8.5],
			"rotation": {"angle": 0, "axis": "y", "origin": [7.37348, 8.8007, 8]},
			"faces": {
				"north": {"uv": [15, 10, 16, 11], "texture": "#texture"},
				"east": {"uv": [15, 10, 15.5, 11], "texture": "#texture"},
				"south": {"uv": [16, 10, 15, 11], "texture": "#texture"},
				"west": {"uv": [15.5, 10, 16, 11], "texture": "#texture"},
				"up": {"uv": [16, 10, 15, 10.5], "texture": "#texture"},
				"down": {"uv": [16, 10.5, 15, 11], "texture": "#texture"}
			}
		},
		{
			"from": [12, 2, 7.5],
			"to": [14, 4, 8.5],
			"rotation": {"angle": 0, "axis": "y", "origin": [7.37348, 8.8007, 8]},
			"faces": {
				"north": {"uv": [9, 14, 10, 15], "texture": "#texture"},
				"south": {"uv": [10, 14, 9, 15], "texture": "#texture"}
			}
		},
		{
			"from": [10, 4, 7.5],
			"to": [12, 6, 8.5],
			"rotation": {"angle": 0, "axis": "y", "origin": [7.37348, 8.8007, 8]},
			"faces": {
				"north": {"uv": [10, 13, 11, 14], "texture": "#texture"},
				"south": {"uv": [11, 13, 10, 14], "texture": "#texture"}
			}
		},
		{
			"from": [8, 6, 7.5],
			"to": [10, 8, 8.5],
			"rotation": {"angle": 0, "axis": "y", "origin": [7.37348, 8.8007, 8]},
			"faces": {
				"north": {"uv": [11, 12, 12, 13], "texture": "#texture"},
				"south": {"uv": [12, 12, 11, 13], "texture": "#texture"}
			}
		},
		{
			"from": [6, 8, 7.5],
			"to": [8, 10, 8.5],
			"rotation": {"angle": 0, "axis": "y", "origin": [7.37348, 8.8007, 8]},
			"faces": {
				"north": {"uv": [12, 11, 13, 12], "texture": "#texture"},
				"south": {"uv": [13, 11, 12, 12], "texture": "#texture"}
			}
		},
		{
			"from": [4, 10, 7.5],
			"to": [6, 12, 8.5],
			"rotation": {"angle": 0, "axis": "y", "origin": [7.37348, 8.8007, 8]},
			"faces": {
				"north": {"uv": [13, 10, 14, 11], "texture": "#texture"},
				"south": {"uv": [14, 10, 13, 11], "texture": "#texture"}
			}
		},
		{
			"from": [2, 12, 7.5],
			"to": [4, 14, 8.5],
			"rotation": {"angle": 0, "axis": "y", "origin": [7.37348, 8.8007, 8]},
			"faces": {
				"north": {"uv": [14, 9, 15, 10], "texture": "#texture"},
				"south": {"uv": [15, 9, 14, 10], "texture": "#texture"}
			}
		}
	],
	"gui_light": "front",
	"display": {
		"thirdperson_righthand": {
			"rotation": [0, -90, -45],
			"translation": [0, 2.5, 1.5],
			"scale": [0.85, 0.85, 0.85]
		},
		"firstperson_righthand": {
			"rotation": [0, -90, -30],
			"translation": [1.13, 3.2, 1.13],
			"scale": [0.68, 0.68, 0.68]
		},
		"ground": {
			"translation": [0, 2, 0],
			"scale": [0.5, 0.5, 0.5]
		},
		"gui": {
			"rotation": [0, 180, 0],
			"translation": [-2, -2, 0],
			"scale": [0.64, 0.64, 1]
		},
		"fixed": {
			"translation": [1.5, -1.5, -4.5]
		}
	},
	"groups": [
		0,
		1,
		2,
		{
			"name": "group",
			"origin": [8, 8, 8],
			"color": 0,
			"children": [3, 4, 5, 6, 7, 8, 9, 10, 11, 12, 13]
		},
		{
			"name": "group",
			"origin": [8, 8, 8],
			"color": 0,
			"children": [14, 15, 16, 17, 18, 19]
		}
	]
}