{
	"credit": "Made with Blockbench",
	"parent": "minecraft:item/generated",
	"display": {
		"thirdperson_righthand": {
			"rotation": [0, -90, 55],
			"translation": [0, -0.5, 8.5],
			"scale": [1.7, 1.7, 0.85]
		},
		"thirdperson_lefthand": {
			"rotation": [0, 90, -55],
			"translation": [0, -0.5, 8.5],
			"scale": [1.7, 1.7, 0.85]
		},
		"firstperson_righthand": {
			"rotation": [0, -90, 90],
			"translation": [0, 4, 4],
			"scale": [1.36, 1.36, 0.68]
		},
		"firstperson_lefthand": {
			"rotation": [0, 90, -90],
			"translation": [0, 4, 4],
			"scale": [1.36, 1.36, 0.68]
		},
		"ground": {
			"translation": [0, 4, 0],
			"scale": [1, 1, 0.5]
		},
		"fixed": {
			"rotation": [0, 180, 0],
			"translation": [0, 0, -0.5],
			"scale": [2, 2, 1]
		}
	}
}