{
    "__comment": "JimStoneCraft - 2014",
    "variants": {
        "normal": [
            { "model": "red_sandstone_chiseled" },
            { "model": "red_sandstone_chiseled1" },
            { "model": "red_sandstone_chiseled2" },
            { "model": "red_sandstone_chiseled3" },
            { "model": "red_sandstone_chiseled4" },
            { "model": "red_sandstone_chiseled5" },
            { "model": "red_sandstone_chiseled6" },
            { "model": "red_sandstone_chiseled7" }
        ]
    }
}
