{
    "__comment": "JimStoneCraft - 2014",
    "variants": {
        "half=bottom": [
            { "model": "half_slab_nether_brick", "weight": 50 },
            { "model": "half_slab_nether_brick1", "weight": 25 },
            { "model": "half_slab_nether_brick2", "weight": 25 }
        ],
        "half=top": [
            { "model": "upper_slab_nether_brick", "weight": 50 },
            { "model": "upper_slab_nether_brick1", "weight": 25 },
            { "model": "upper_slab_nether_brick2", "weight": 25 }
        ]
    }
}
