{
    "__comment": "JimStoneCraft - 2014",
    "variants": {
        "normal": [
            { "model": "oak_leaves" },
            { "model": "oak_leaves", "x": 90 },
            { "model": "oak_leaves", "x": 180 },
            { "model": "oak_leaves", "x": 270 },
            { "model": "oak_leaves", "y": 90 },
            { "model": "oak_leaves", "y": 90, "x": 90 },
            { "model": "oak_leaves", "y": 90, "x": 180 },
            { "model": "oak_leaves", "y": 90, "x": 270 },
            { "model": "oak_leaves", "y": 180 },
            { "model": "oak_leaves", "y": 180, "x": 90 },
            { "model": "oak_leaves", "y": 180, "x": 180 },
            { "model": "oak_leaves", "y": 180, "x": 270 },
            { "model": "oak_leaves", "y": 270 },
            { "model": "oak_leaves", "y": 270, "x": 90 },
            { "model": "oak_leaves", "y": 270, "x": 180 },
            { "model": "oak_leaves", "y": 270, "x": 270 }
        ]
    }
}
