{
    "__comment": "JimStoneCraft - 2014",
    "variants": {
        "normal": [
            { "model": "sandstone_normal", "weight": 40 },
            { "model": "sandstone_normal1", "weight": 15 },
            { "model": "sandstone_normal2", "weight": 15 },
            { "model": "sandstone_normal3", "weight": 10 },
            { "model": "sandstone_normal4", "weight": 10 },
            { "model": "sandstone_normal5", "weight": 10 }
        ],
        "all": [
            { "model": "sandstone_all", "weight": 40 },
            { "model": "sandstone_all1", "weight": 15 },
            { "model": "sandstone_all2", "weight": 15 },
            { "model": "sandstone_all3", "weight": 10 },
            { "model": "sandstone_all4", "weight": 10 },
            { "model": "sandstone_all5", "weight": 10 }
        ]
    }
}
