{
    "__comment": "JimStoneCraft - 2014",
    "variants": {
        "half=bottom": [
            { "model": "half_slab_stone_brick", "weight": 50 },
            { "model": "half_slab_stone_brick1", "weight": 5 },
            { "model": "half_slab_stone_brick2", "weight": 5 },
            { "model": "half_slab_stone_brick3", "weight": 10 },
            { "model": "half_slab_stone_brick4", "weight": 10 },
            { "model": "half_slab_stone_brick5", "weight": 20 }
        ],
        "half=top": [
            { "model": "upper_slab_stone_brick", "weight": 50 },
            { "model": "upper_slab_stone_brick1", "weight": 5 },
            { "model": "upper_slab_stone_brick2", "weight": 5 },
            { "model": "upper_slab_stone_brick3", "weight": 10 },
            { "model": "upper_slab_stone_brick4", "weight": 10 },
            { "model": "upper_slab_stone_brick5", "weight": 20 }
        ]
    }
}
