{
    "__comment": "JimStoneCraft - 2014",
    "variants": {
        "east=false,north=false,south=false,up=false,west=false": [
        { "model": "vine_1" },
        { "model": "vine_11" },
        { "model": "vine_12" },
        { "model": "vine_13" }
        ],
        "east=false,north=false,south=true,up=false,west=false": [
        { "model": "vine_1" },
        { "model": "vine_11" },
        { "model": "vine_12" },
        { "model": "vine_13" }
        ],
        "east=false,north=false,south=false,up=false,west=true": [
        { "model": "vine_1", "y": 90 },
        { "model": "vine_11", "y": 90 },
        { "model": "vine_12", "y": 90 },
        { "model": "vine_13", "y": 90 }
        ],
        "east=false,north=true,south=false,up=false,west=false": [
        { "model": "vine_1", "y": 180 },
        { "model": "vine_11", "y": 180 },
        { "model": "vine_12", "y": 180 },
        { "model": "vine_13", "y": 180 }
        ],
        "east=true,north=false,south=false,up=false,west=false": [
        { "model": "vine_1", "y": 270 },
        { "model": "vine_11", "y": 270 },
        { "model": "vine_12", "y": 270 },
        { "model": "vine_13", "y": 270 }
        ],
        "east=true,north=true,south=false,up=false,west=false": [
        { "model": "vine_2" },
        { "model": "vine_21" },
        { "model": "vine_22" },
        { "model": "vine_23" }
        ],
        "east=true,north=false,south=true,up=false,west=false": [
        { "model": "vine_2", "y": 90 },
        { "model": "vine_21", "y": 90 },
        { "model": "vine_22", "y": 90 },
        { "model": "vine_23", "y": 90 }
        ],
        "east=false,north=false,south=true,up=false,west=true": [
        { "model": "vine_2", "y": 180 },
        { "model": "vine_21", "y": 180 },
        { "model": "vine_22", "y": 180 },
        { "model": "vine_23", "y": 180 }
        ],
        "east=false,north=true,south=false,up=false,west=true": [
        { "model": "vine_2", "y": 270 },
        { "model": "vine_21", "y": 270 },
        { "model": "vine_22", "y": 270 },
        { "model": "vine_23", "y": 270 }
        ],
        "east=true,north=false,south=false,up=false,west=true": [
        { "model": "vine_2_opposite" },
        { "model": "vine_2_opposite1" },
        { "model": "vine_2_opposite2" },
        { "model": "vine_2_opposite3" }
        ],
        "east=false,north=true,south=true,up=false,west=false": [
        { "model": "vine_2_opposite", "y": 90 },
        { "model": "vine_2_opposite1", "y": 90 },
        { "model": "vine_2_opposite2", "y": 90 },
        { "model": "vine_2_opposite3", "y": 90 }
        ],
        "east=true,north=true,south=true,up=false,west=false": [
        { "model": "vine_3" },
        { "model": "vine_31" },
        { "model": "vine_32" },
        { "model": "vine_33" }
        ],
        "east=true,north=false,south=true,up=false,west=true": [
        { "model": "vine_3", "y": 90 },
        { "model": "vine_31", "y": 90 },
        { "model": "vine_32", "y": 90 },
        { "model": "vine_33", "y": 90 }
        ],
        "east=false,north=true,south=true,up=false,west=true": [
        { "model": "vine_3", "y": 180 },
        { "model": "vine_31", "y": 180 },
        { "model": "vine_32", "y": 180 },
        { "model": "vine_33", "y": 180 }
        ],
        "east=true,north=true,south=false,up=false,west=true": [
        { "model": "vine_3", "y": 270 },
        { "model": "vine_31", "y": 270 },
        { "model": "vine_32", "y": 270 },
        { "model": "vine_33", "y": 270 }
        ],
        "east=true,north=true,south=true,up=false,west=true": [
        { "model": "vine_4" },
        { "model": "vine_41" },
        { "model": "vine_42" },
        { "model": "vine_43" }
        ],
        "east=false,north=false,south=false,up=true,west=false": [
        { "model": "vine_u" },
        { "model": "vine_u1" },
        { "model": "vine_u2" },
        { "model": "vine_u3" }
        ],
        "east=false,north=false,south=true,up=true,west=false": [
        { "model": "vine_1u" },
        { "model": "vine_1u1" },
        { "model": "vine_1u2" },
        { "model": "vine_1u3" }
        ],
        "east=false,north=false,south=false,up=true,west=true": [
        { "model": "vine_1u", "y": 90 },
        { "model": "vine_1u1", "y": 90 },
        { "model": "vine_1u2", "y": 90 },
        { "model": "vine_1u3", "y": 90 }
        ],
        "east=false,north=true,south=false,up=true,west=false": [
        { "model": "vine_1u", "y": 180 },
        { "model": "vine_1u1", "y": 180 },
        { "model": "vine_1u2", "y": 180 },
        { "model": "vine_1u3", "y": 180 }
        ],
        "east=true,north=false,south=false,up=true,west=false": [
        { "model": "vine_1u", "y": 270 },
        { "model": "vine_1u1", "y": 270 },
        { "model": "vine_1u2", "y": 270 },
        { "model": "vine_1u3", "y": 270 }
        ],
        "east=true,north=true,south=false,up=true,west=false": [
        { "model": "vine_2u" },
        { "model": "vine_2u1" },
        { "model": "vine_2u2" },
        { "model": "vine_2u3" }
        ],
        "east=true,north=false,south=true,up=true,west=false": [
        { "model": "vine_2u", "y": 90 },
        { "model": "vine_2u1", "y": 90 },
        { "model": "vine_2u2", "y": 90 },
        { "model": "vine_2u3", "y": 90 }
        ],
        "east=false,north=false,south=true,up=true,west=true": [
        { "model": "vine_2u", "y": 180 },
        { "model": "vine_2u1", "y": 180 },
        { "model": "vine_2u2", "y": 180 },
        { "model": "vine_2u3", "y": 180 }
        ],
        "east=false,north=true,south=false,up=true,west=true": [
        { "model": "vine_2u", "y": 270 },
        { "model": "vine_2u1", "y": 270 },
        { "model": "vine_2u2", "y": 270 },
        { "model": "vine_2u3", "y": 270 }
        ],
        "east=true,north=false,south=false,up=true,west=true": [
        { "model": "vine_2u_opposite" },
        { "model": "vine_2u_opposite1" },
        { "model": "vine_2u_opposite2" },
        { "model": "vine_2u_opposite3" }
        ],
        "east=false,north=true,south=true,up=true,west=false": [
        { "model": "vine_2u_opposite", "y": 90 },
        { "model": "vine_2u_opposite1", "y": 90 },
        { "model": "vine_2u_opposite2", "y": 90 },
        { "model": "vine_2u_opposite3", "y": 90 }
        ],
        "east=true,north=true,south=true,up=true,west=false": [
        { "model": "vine_3u" },
        { "model": "vine_3u1" },
        { "model": "vine_3u2" },
        { "model": "vine_3u3" }
        ],
        "east=true,north=false,south=true,up=true,west=true": [
        { "model": "vine_3u", "y": 90 },
        { "model": "vine_3u1", "y": 90 },
        { "model": "vine_3u2", "y": 90 },
        { "model": "vine_3u3", "y": 90 }
        ],
        "east=false,north=true,south=true,up=true,west=true": [
        { "model": "vine_3u", "y": 180 },
        { "model": "vine_3u1", "y": 180 },
        { "model": "vine_3u2", "y": 180 },
        { "model": "vine_3u3", "y": 180 }
        ],
        "east=true,north=true,south=false,up=true,west=true": [
        { "model": "vine_3u", "y": 270 },
        { "model": "vine_3u1", "y": 270 },
        { "model": "vine_3u2", "y": 270 },
        { "model": "vine_3u3", "y": 270 }
        ],
        "east=true,north=true,south=true,up=true,west=true": [
        { "model": "vine_4u" },
        { "model": "vine_4u1" },
        { "model": "vine_4u2" },
        { "model": "vine_4u3" }
        ]
    }
}
